year,quarter,market,trend_score,lat,lon
2020,Q1,Atlanta,-0.3358403,33.749,-84.388
2020,Q1,Austin,0.099913175,30.2672,-97.7431
2020,Q1,Baltimore,-0.923887437,39.2904,-76.6122
2020,Q1,Boston,-0.251449726,42.3601,-71.0589
2020,Q1,Charlotte,-0.315065547,35.2271,-80.8431
2020,Q1,Chicago,0.4279440299249182,41.8781,-87.6298
2020,Q1,Chicago Suburbs,0.3755216030551227,41.85,-88
2020,Q1,Dallas/Ft Worth,0.064741844,32.7767,-96.797
2020,Q1,Denver,-0.184912775,39.7392,-104.9903
2020,Q1,Detroit,-0.60254486,42.3314,-83.0458
2020,Q1,Houston,0.7186644913438306,29.7604,-95.3698
2020,Q1,Los Angeles,0.6218091000274234,34.0522,-118.2437
2020,Q1,Manhattan,0.8333170566795712,40.7831,-73.9712
2020,Q1,Nashville,-0.882245911,36.1627,-86.7816
2020,Q1,Northern New Jersey,-0.071611734,40.7357,-74.1724
2020,Q1,Northern Virginia,-0.048949372,38.8048,-77.0469
2020,Q1,Orange County,-0.212336162,33.7175,-117.8311
2020,Q1,Philadelphia,0.27204193669950516,39.9526,-75.1652
2020,Q1,Phoenix,-0.320186181,33.4484,-112.074
2020,Q1,Raleigh/Durham,0.3097528807983489,35.7796,-78.6382
2020,Q1,Salt Lake City,-1.208411783,40.7608,-111.891
2020,Q1,San Diego,0.015464439,32.7157,-117.1611
2020,Q1,San Francisco,0.4293823582400499,37.7749,-122.4194
2020,Q1,Seattle,-0.273940347,47.6062,-122.3321
2020,Q1,South Bay/San Jose,-0.054260208,37.3382,-121.8863
2020,Q1,South Florida,-0.255853512,26.1224,-80.1373
2020,Q1,Southern Maryland,-0.244389498,38.3032,-76.507
2020,Q1,Tampa,-0.170272401,27.9506,-82.4572
2020,Q1,Washington D.C.,0.4106028030702278,38.9072,-77.0369
2020,Q2,Atlanta,-0.032224013,33.749,-84.388
2020,Q2,Austin,-0.024686792,30.2672,-97.7431
2020,Q2,Baltimore,-0.774135209,39.2904,-76.6122
2020,Q2,Boston,0.3022060844763024,42.3601,-71.0589
2020,Q2,Charlotte,-0.45966068,35.2271,-80.8431
2020,Q2,Chicago,0.3638767102089891,41.8781,-87.6298
2020,Q2,Chicago Suburbs,0.25117193912035274,41.85,-88
2020,Q2,Dallas/Ft Worth,-0.047770719,32.7767,-96.797
2020,Q2,Denver,0.1246204281163194,39.7392,-104.9903
2020,Q2,Detroit,0.20530276912063303,42.3314,-83.0458
2020,Q2,Houston,0.6114201523333018,29.7604,-95.3698
2020,Q2,Los Angeles,0.6287061883007714,34.0522,-118.2437
2020,Q2,Manhattan,0.7523870691759458,40.7831,-73.9712
2020,Q2,Nashville,-0.684046221,36.1627,-86.7816
2020,Q2,Northern New Jersey,0.2707996328440363,40.7357,-74.1724
2020,Q2,Northern Virginia,0.2759191533479833,38.8048,-77.0469
2020,Q2,Orange County,0.081787253,33.7175,-117.8311
2020,Q2,Philadelphia,0.010349618,39.9526,-75.1652
2020,Q2,Phoenix,-0.152492184,33.4484,-112.074
2020,Q2,Raleigh/Durham,0.34428841298218726,35.7796,-78.6382
2020,Q2,Salt Lake City,-1.109398287,40.7608,-111.891
2020,Q2,San Diego,-0.007103433,32.7157,-117.1611
2020,Q2,San Francisco,0.4896959438293967,37.7749,-122.4194
2020,Q2,Seattle,0.2218221631442257,47.6062,-122.3321
2020,Q2,South Bay/San Jose,0.4360454835431455,37.3382,-121.8863
2020,Q2,South Florida,-0.052049723,26.1224,-80.1373
2020,Q2,Southern Maryland,0.2297600628790972,38.3032,-76.507
2020,Q2,Tampa,-0.303763928,27.9506,-82.4572
2020,Q2,Washington D.C.,0.5020059590617573,38.9072,-77.0369
2020,Q3,Atlanta,0.008102297,33.749,-84.388
2020,Q3,Austin,-0.178375551,30.2672,-97.7431
2020,Q3,Baltimore,-0.926354271,39.2904,-76.6122
2020,Q3,Boston,0.1541546763579231,42.3601,-71.0589
2020,Q3,Charlotte,-0.75798292,35.2271,-80.8431
2020,Q3,Chicago,0.18831543836006323,41.8781,-87.6298
2020,Q3,Chicago Suburbs,-0.078863426,41.85,-88
2020,Q3,Dallas/Ft Worth,-0.273859903,32.7767,-96.797
2020,Q3,Denver,-0.565013942,39.7392,-104.9903
2020,Q3,Detroit,-0.810740213,42.3314,-83.0458
2020,Q3,Houston,0.2495489046578339,29.7604,-95.3698
2020,Q3,Los Angeles,0.4818143019185986,34.0522,-118.2437
2020,Q3,Manhattan,0.6367140988348885,40.7831,-73.9712
2020,Q3,Nashville,-0.985512969,36.1627,-86.7816
2020,Q3,Northern New Jersey,0.263100896,40.7357,-74.1724
2020,Q3,Northern Virginia,0.083896121,38.8048,-77.0469
2020,Q3,Orange County,0.1735080415908587,33.7175,-117.8311
2020,Q3,Philadelphia,-0.36095793,39.9526,-75.1652
2020,Q3,Phoenix,-0.327683767,33.4484,-112.074
2020,Q3,Raleigh/Durham,-0.324945836,35.7796,-78.6382
2020,Q3,Salt Lake City,-1.421104752,40.7608,-111.891
2020,Q3,San Diego,-0.097898901,32.7157,-117.1611
2020,Q3,San Francisco,0.3050126640259989,37.7749,-122.4194
2020,Q3,Seattle,-0.053089006,47.6062,-122.3321
2020,Q3,South Bay/San Jose,-0.336071853,37.3382,-121.8863
2020,Q3,South Florida,-0.18059647,26.1224,-80.1373
2020,Q3,Southern Maryland,0.019934893,38.3032,-76.507
2020,Q3,Tampa,-0.270145809,27.9506,-82.4572
2020,Q3,Washington D.C.,0.11162033103697268,38.9072,-77.0369
2020,Q4,Atlanta,-0.21101449,33.749,-84.388
2020,Q4,Austin,-0.245074771,30.2672,-97.7431
2020,Q4,Baltimore,-0.624039903,39.2904,-76.6122
2020,Q4,Boston,0.080229581048634993,42.3601,-71.0589
2020,Q4,Charlotte,-0.626752127,35.2271,-80.8431
2020,Q4,Chicago,0.26167366906181305,41.8781,-87.6298
2020,Q4,Chicago Suburbs,-0.041082206,41.85,-88
2020,Q4,Dallas/Ft Worth,-0.034023417,32.7767,-96.797
2020,Q4,Denver,0.29123879797594787,39.7392,-104.9903
2020,Q4,Detroit,-0.585291717,42.3314,-83.0458
2020,Q4,Houston,0.26666759860901995,29.7604,-95.3698
2020,Q4,Los Angeles,0.3889999115745848,34.0522,-118.2437
2020,Q4,Manhattan,0.5439986039104114,40.7831,-73.9712
2020,Q4,Nashville,-0.898353236,36.1627,-86.7816
2020,Q4,Northern New Jersey,0.044574804,40.7357,-74.1724
2020,Q4,Northern Virginia,0.18505443633781263,38.8048,-77.0469
2020,Q4,Orange County,0.30216523322820044,33.7175,-117.8311
2020,Q4,Philadelphia,-0.333388482,39.9526,-75.1652
2020,Q4,Phoenix,-0.353772179,33.4484,-112.074
2020,Q4,Raleigh/Durham,-0.176361282,35.7796,-78.6382
2020,Q4,Salt Lake City,-1.836904995,40.7608,-111.891
2020,Q4,San Diego,-0.062776702,32.7157,-117.1611
2020,Q4,San Francisco,-0.07169258,37.7749,-122.4194
2020,Q4,Seattle,-0.486575633,47.6062,-122.3321
2020,Q4,South Bay/San Jose,-0.524932104,37.3382,-121.8863
2020,Q4,South Florida,-0.200134245,26.1224,-80.1373
2020,Q4,Southern Maryland,-0.492848282,38.3032,-76.507
2020,Q4,Tampa,-0.383837188,27.9506,-82.4572
2020,Q4,Washington D.C.,0.068515287,38.9072,-77.0369
2021,Q1,Atlanta,-0.040036196,33.749,-84.388
2021,Q1,Austin,-0.122014098,30.2672,-97.7431
2021,Q1,Baltimore,-0.600229673,39.2904,-76.6122
2021,Q1,Boston,0.24071330122743204,42.3601,-71.0589
2021,Q1,Charlotte,-0.773485356,35.2271,-80.8431
2021,Q1,Chicago,-0.371480007,41.8781,-87.6298
2021,Q1,Chicago Suburbs,-0.117594213,41.85,-88
2021,Q1,Dallas/Ft Worth,-0.12766584,32.7767,-96.797
2021,Q1,Denver,0.29675547217806153,39.7392,-104.9903
2021,Q1,Detroit,-0.607310054,42.3314,-83.0458
2021,Q1,Houston,0.2378456875405643,29.7604,-95.3698
2021,Q1,Los Angeles,0.3760872661366873,34.0522,-118.2437
2021,Q1,Manhattan,0.5089737295654914,40.7831,-73.9712
2021,Q1,Nashville,-0.506786061,36.1627,-86.7816
2021,Q1,Northern New Jersey,0.13419934029387331,40.7357,-74.1724
2021,Q1,Northern Virginia,0.028362544,38.8048,-77.0469
2021,Q1,Orange County,0.080639232,33.7175,-117.8311
2021,Q1,Philadelphia,-0.473733228,39.9526,-75.1652
2021,Q1,Phoenix,-0.259917148,33.4484,-112.074
2021,Q1,Raleigh/Durham,-0.242057018,35.7796,-78.6382
2021,Q1,Salt Lake City,-1.096567715,40.7608,-111.891
2021,Q1,San Diego,-0.18783916,32.7157,-117.1611
2021,Q1,San Francisco,0.13045106300286355,37.7749,-122.4194
2021,Q1,Seattle,-0.143065543,47.6062,-122.3321
2021,Q1,South Bay/San Jose,-0.159513045,37.3382,-121.8863
2021,Q1,South Florida,-0.42141144,26.1224,-80.1373
2021,Q1,Southern Maryland,0.006366486,38.3032,-76.507
2021,Q1,Tampa,-0.047547127,27.9506,-82.4572
2021,Q1,Washington D.C.,-0.187776711,38.9072,-77.0369
2021,Q2,Atlanta,-0.195287983,33.749,-84.388
2021,Q2,Austin,0.1907146573128868,30.2672,-97.7431
2021,Q2,Baltimore,-0.502692245,39.2904,-76.6122
2021,Q2,Boston,0.19082571722613664,42.3601,-71.0589
2021,Q2,Charlotte,-0.353998071,35.2271,-80.8431
2021,Q2,Chicago,-0.372579925,41.8781,-87.6298
2021,Q2,Chicago Suburbs,0.022081857,41.85,-88
2021,Q2,Dallas/Ft Worth,0.5655655731628704,32.7767,-96.797
2021,Q2,Denver,-0.181983514,39.7392,-104.9903
2021,Q2,Detroit,-0.421845256,42.3314,-83.0458
2021,Q2,Houston,0.29667719888672855,29.7604,-95.3698
2021,Q2,Los Angeles,0.4503901965643479,34.0522,-118.2437
2021,Q2,Manhattan,0.5690084175977267,40.7831,-73.9712
2021,Q2,Nashville,-0.16874806,36.1627,-86.7816
2021,Q2,Northern New Jersey,0.044821782,40.7357,-74.1724
2021,Q2,Northern Virginia,0.16745220583287412,38.8048,-77.0469
2021,Q2,Orange County,-0.370675988,33.7175,-117.8311
2021,Q2,Philadelphia,-0.30202539,39.9526,-75.1652
2021,Q2,Phoenix,-0.041987382,33.4484,-112.074
2021,Q2,Raleigh/Durham,0.077433686,35.7796,-78.6382
2021,Q2,Salt Lake City,-1.084833227,40.7608,-111.891
2021,Q2,San Diego,-0.156131654,32.7157,-117.1611
2021,Q2,San Francisco,0.5478535311470565,37.7749,-122.4194
2021,Q2,Seattle,-0.042359928,47.6062,-122.3321
2021,Q2,South Bay/San Jose,0.750823426,37.3382,-121.8863
2021,Q2,South Florida,-0.069236172,26.1224,-80.1373
2021,Q2,Southern Maryland,0.13313595226587024,38.3032,-76.507
2021,Q2,Tampa,-0.23483958,27.9506,-82.4572
2021,Q2,Washington D.C.,0.581361028,38.9072,-77.0369
2021,Q3,Atlanta,-0.034171293,33.749,-84.388
2021,Q3,Austin,0.18724073691146917,30.2672,-97.7431
2021,Q3,Baltimore,-0.436247926,39.2904,-76.6122
2021,Q3,Boston,0.2414116261121815,42.3601,-71.0589
2021,Q3,Charlotte,-0.461103269,35.2271,-80.8431
2021,Q3,Chicago,-0.09759087,41.8781,-87.6298
2021,Q3,Chicago Suburbs,0.003563294,41.85,-88
2021,Q3,Dallas/Ft Worth,0.3337147571720718,32.7767,-96.797
2021,Q3,Denver,0.1435234873552793,39.7392,-104.9903
2021,Q3,Detroit,-0.354378516,42.3314,-83.0458
2021,Q3,Houston,0.3408109190374202,29.7604,-95.3698
2021,Q3,Los Angeles,0.4277882926541953,34.0522,-118.2437
2021,Q3,Manhattan,0.6667966894991105,40.7831,-73.9712
2021,Q3,Nashville,-0.282365705,36.1627,-86.7816
2021,Q3,Northern New Jersey,0.12169937565817122,40.7357,-74.1724
2021,Q3,Northern Virginia,0.4870181154621703,38.8048,-77.0469
2021,Q3,Orange County,0.06397046,33.7175,-117.8311
2021,Q3,Philadelphia,-0.319702596,39.9526,-75.1652
2021,Q3,Phoenix,-0.127723539,33.4484,-112.074
2021,Q3,Raleigh/Durham,-0.093331269,35.7796,-78.6382
2021,Q3,Salt Lake City,-0.890869845,40.7608,-111.891
2021,Q3,San Diego,-0.018640834,32.7157,-117.1611
2021,Q3,San Francisco,0.6289503144793926,37.7749,-122.4194
2021,Q3,Seattle,0.063003608,47.6062,-122.3321
2021,Q3,South Bay/San Jose,0.22347544622926385,37.3382,-121.8863
2021,Q3,South Florida,-0.022221475,26.1224,-80.1373
2021,Q3,Southern Maryland,-0.480339256,38.3032,-76.507
2021,Q3,Tampa,-0.155877351,27.9506,-82.4572
2021,Q3,Washington D.C.,1.0577972511104412,38.9072,-77.0369
2021,Q4,Atlanta,0.029954156,33.749,-84.388
2021,Q4,Austin,0.3252820642974456,30.2672,-97.7431
2021,Q4,Baltimore,-0.765116484,39.2904,-76.6122
2021,Q4,Boston,0.04859527,42.3601,-71.0589
2021,Q4,Charlotte,-0.631949617,35.2271,-80.8431
2021,Q4,Chicago,-0.138121186,41.8781,-87.6298
2021,Q4,Chicago Suburbs,-0.021505101,41.85,-88
2021,Q4,Dallas/Ft Worth,0.034827646,32.7767,-96.797
2021,Q4,Denver,-0.132390631,39.7392,-104.9903
2021,Q4,Detroit,-0.431640604,42.3314,-83.0458
2021,Q4,Houston,0.3027714178836937,29.7604,-95.3698
2021,Q4,Los Angeles,0.3829375988447572,34.0522,-118.2437
2021,Q4,Manhattan,0.7457196581914054,40.7831,-73.9712
2021,Q4,Nashville,-0.306730137,36.1627,-86.7816
2021,Q4,Northern New Jersey,0.1964587507674477,40.7357,-74.1724
2021,Q4,Northern Virginia,0.035363703,38.8048,-77.0469
2021,Q4,Orange County,0.3061608935490659,33.7175,-117.8311
2021,Q4,Philadelphia,-0.156969109,39.9526,-75.1652
2021,Q4,Phoenix,-0.296417525,33.4484,-112.074
2021,Q4,Raleigh/Durham,0.10798335,35.7796,-78.6382
2021,Q4,Salt Lake City,-0.716363254,40.7608,-111.891
2021,Q4,San Diego,-0.027478967,32.7157,-117.1611
2021,Q4,San Francisco,0.580026219,37.7749,-122.4194
2021,Q4,Seattle,0.12136360166950488,47.6062,-122.3321
2021,Q4,South Bay/San Jose,0.089983479,37.3382,-121.8863
2021,Q4,South Florida,-0.086415567,26.1224,-80.1373
2021,Q4,Southern Maryland,-0.462834393,38.3032,-76.507
2021,Q4,Tampa,-0.485614575,27.9506,-82.4572
2021,Q4,Washington D.C.,0.29830861904658384,38.9072,-77.0369
2022,Q1,Atlanta,-0.228147654,33.749,-84.388
2022,Q1,Austin,0.16561557359103807,30.2672,-97.7431
2022,Q1,Baltimore,-0.328647044,39.2904,-76.6122
2022,Q1,Boston,-0.072513746,42.3601,-71.0589
2022,Q1,Charlotte,-0.358196678,35.2271,-80.8431
2022,Q1,Chicago,0.059627655,41.8781,-87.6298
2022,Q1,Chicago Suburbs,0.1694430084359606,41.85,-88
2022,Q1,Dallas/Ft Worth,-0.118910858,32.7767,-96.797
2022,Q1,Denver,-0.239964889,39.7392,-104.9903
2022,Q1,Detroit,-0.529006673,42.3314,-83.0458
2022,Q1,Houston,0.224731721,29.7604,-95.3698
2022,Q1,Los Angeles,0.3635777073900911,34.0522,-118.2437
2022,Q1,Manhattan,0.6399570679826126,40.7831,-73.9712
2022,Q1,Nashville,-0.576783665,36.1627,-86.7816
2022,Q1,Northern New Jersey,0.17477700574606347,40.7357,-74.1724
2022,Q1,Northern Virginia,0.066042855,38.8048,-77.0469
2022,Q1,Orange County,-0.108711959,33.7175,-117.8311
2022,Q1,Philadelphia,-0.235326306,39.9526,-75.1652
2022,Q1,Phoenix,0.29478261040034315,33.4484,-112.074
2022,Q1,Raleigh/Durham,-0.535104318,35.7796,-78.6382
2022,Q1,Salt Lake City,-0.964669368,40.7608,-111.891
2022,Q1,San Diego,0.4176703522765979,32.7157,-117.1611
2022,Q1,San Francisco,0.48461370817703264,37.7749,-122.4194
2022,Q1,Seattle,-0.208941528,47.6062,-122.3321
2022,Q1,South Bay/San Jose,0.2267927569514016,37.3382,-121.8863
2022,Q1,South Florida,-0.344015311,26.1224,-80.1373
2022,Q1,Southern Maryland,0.11996415344754986,38.3032,-76.507
2022,Q1,Tampa,0.079897919,27.9506,-82.4572
2022,Q1,Washington D.C.,0.3360621680183654,38.9072,-77.0369
2022,Q2,Atlanta,-0.096980121,33.749,-84.388
2022,Q2,Austin,0.073890154,30.2672,-97.7431
2022,Q2,Baltimore,-0.244648308,39.2904,-76.6122
2022,Q2,Boston,-0.135262587,42.3601,-71.0589
2022,Q2,Charlotte,-0.29775527,35.2271,-80.8431
2022,Q2,Chicago,-0.074545097,41.8781,-87.6298
2022,Q2,Chicago Suburbs,0.6022192193546676,41.85,-88
2022,Q2,Dallas/Ft Worth,0.14055060218248006,32.7767,-96.797
2022,Q2,Denver,-0.271402977,39.7392,-104.9903
2022,Q2,Detroit,-0.756995233,42.3314,-83.0458
2022,Q2,Houston,0.2357087832990089,29.7604,-95.3698
2022,Q2,Los Angeles,0.3396789818041846,34.0522,-118.2437
2022,Q2,Manhattan,0.7026439320503475,40.7831,-73.9712
2022,Q2,Nashville,-0.464750906,36.1627,-86.7816
2022,Q2,Northern New Jersey,-0.183088478,40.7357,-74.1724
2022,Q2,Northern Virginia,0.1840483714965035,38.8048,-77.0469
2022,Q2,Orange County,-0.048011789,33.7175,-117.8311
2022,Q2,Philadelphia,-0.282735719,39.9526,-75.1652
2022,Q2,Phoenix,-0.065594324,33.4484,-112.074
2022,Q2,Raleigh/Durham,-0.331535139,35.7796,-78.6382
2022,Q2,Salt Lake City,-0.6881073,40.7608,-111.891
2022,Q2,San Diego,0.1908071403155791,32.7157,-117.1611
2022,Q2,San Francisco,0.6033053887225356,37.7749,-122.4194
2022,Q2,Seattle,-0.269927053,47.6062,-122.3321
2022,Q2,South Bay/San Jose,-0.416705919,37.3382,-121.8863
2022,Q2,South Florida,0.19100857703232443,26.1224,-80.1373
2022,Q2,Southern Maryland,-0.524551983,38.3032,-76.507
2022,Q2,Tampa,-0.024256222,27.9506,-82.4572
2022,Q2,Washington D.C.,-0.145995335,38.9072,-77.0369
2022,Q3,Atlanta,-0.0894302,33.749,-84.388
2022,Q3,Austin,0.06133796,30.2672,-97.7431
2022,Q3,Baltimore,-0.562639891,39.2904,-76.6122
2022,Q3,Boston,-0.098679151,42.3601,-71.0589
2022,Q3,Charlotte,-0.414254364,35.2271,-80.8431
2022,Q3,Chicago,0.065145983,41.8781,-87.6298
2022,Q3,Chicago Suburbs,-0.102380938,41.85,-88
2022,Q3,Dallas/Ft Worth,-0.254531075,32.7767,-96.797
2022,Q3,Denver,-0.329004931,39.7392,-104.9903
2022,Q3,Detroit,-0.515783211,42.3314,-83.0458
2022,Q3,Houston,0.5152058980708135,29.7604,-95.3698
2022,Q3,Los Angeles,0.3418097127938196,34.0522,-118.2437
2022,Q3,Manhattan,0.690013473,40.7831,-73.9712
2022,Q3,Nashville,-0.025403493,36.1627,-86.7816
2022,Q3,Northern New Jersey,-0.102416381,40.7357,-74.1724
2022,Q3,Northern Virginia,0.10793670415962474,38.8048,-77.0469
2022,Q3,Orange County,0.3996625876655473,33.7175,-117.8311
2022,Q3,Philadelphia,-0.280159275,39.9526,-75.1652
2022,Q3,Phoenix,0.13200126114769414,33.4484,-112.074
2022,Q3,Raleigh/Durham,-0.216426158,35.7796,-78.6382
2022,Q3,Salt Lake City,-0.185580558,40.7608,-111.891
2022,Q3,San Diego,-0.347151787,32.7157,-117.1611
2022,Q3,San Francisco,0.5276520822858942,37.7749,-122.4194
2022,Q3,Seattle,0.24360945370631848,47.6062,-122.3321
2022,Q3,South Bay/San Jose,-0.086398389,37.3382,-121.8863
2022,Q3,South Florida,-0.192313521,26.1224,-80.1373
2022,Q3,Southern Maryland,-0.092991842,38.3032,-76.507
2022,Q3,Tampa,0.002012596,27.9506,-82.4572
2022,Q3,Washington D.C.,0.15541396556014006,38.9072,-77.0369
2022,Q4,Atlanta,-0.084581763,33.749,-84.388
2022,Q4,Austin,0.18261633433807556,30.2672,-97.7431
2022,Q4,Baltimore,-0.469076765,39.2904,-76.6122
2022,Q4,Boston,0.40013163899852033,42.3601,-71.0589
2022,Q4,Charlotte,-0.585794412,35.2271,-80.8431
2022,Q4,Chicago,0.329309374,41.8781,-87.6298
2022,Q4,Chicago Suburbs,0.1314419288620642,41.85,-88
2022,Q4,Dallas/Ft Worth,-0.048709806,32.7767,-96.797
2022,Q4,Denver,-0.269347788,39.7392,-104.9903
2022,Q4,Detroit,0.025941305,42.3314,-83.0458
2022,Q4,Houston,0.4899691723750423,29.7604,-95.3698
2022,Q4,Los Angeles,0.4054533908251802,34.0522,-118.2437
2022,Q4,Manhattan,0.6338839152841933,40.7831,-73.9712
2022,Q4,Nashville,-0.429017614,36.1627,-86.7816
2022,Q4,Northern New Jersey,0.074255807,40.7357,-74.1724
2022,Q4,Northern Virginia,0.2851707848245476,38.8048,-77.0469
2022,Q4,Orange County,-0.263307278,33.7175,-117.8311
2022,Q4,Philadelphia,-0.179075592,39.9526,-75.1652
2022,Q4,Phoenix,-0.023339904,33.4484,-112.074
2022,Q4,Raleigh/Durham,-0.115826987,35.7796,-78.6382
2022,Q4,Salt Lake City,-0.620113987,40.7608,-111.891
2022,Q4,San Diego,-0.178045912,32.7157,-117.1611
2022,Q4,San Francisco,0.7723556849070994,37.7749,-122.4194
2022,Q4,Seattle,0.14984903234290406,47.6062,-122.3321
2022,Q4,South Bay/San Jose,0.14005349430082067,37.3382,-121.8863
2022,Q4,South Florida,-0.299591433,26.1224,-80.1373
2022,Q4,Southern Maryland,-0.092574559,38.3032,-76.507
2022,Q4,Tampa,-0.058385183,27.9506,-82.4572
2022,Q4,Washington D.C.,-0.173863979,38.9072,-77.0369
2023,Q1,Atlanta,-0.102883704,33.749,-84.388
2023,Q1,Austin,0.047151388,30.2672,-97.7431
2023,Q1,Baltimore,-0.509905738,39.2904,-76.6122
2023,Q1,Boston,0.38287477725029306,42.3601,-71.0589
2023,Q1,Charlotte,-0.56288078,35.2271,-80.8431
2023,Q1,Chicago,0.17602735061470334,41.8781,-87.6298
2023,Q1,Chicago Suburbs,0.13479102550086114,41.85,-88
2023,Q1,Dallas/Ft Worth,0.18578523320271076,32.7767,-96.797
2023,Q1,Denver,0.089145822,39.7392,-104.9903
2023,Q1,Detroit,-0.508721927,42.3314,-83.0458
2023,Q1,Houston,0.42072074723122177,29.7604,-95.3698
2023,Q1,Los Angeles,0.46453942184376856,34.0522,-118.2437
2023,Q1,Manhattan,0.769096452,40.7831,-73.9712
2023,Q1,Nashville,-0.516794257,36.1627,-86.7816
2023,Q1,Northern New Jersey,-0.079628132,40.7357,-74.1724
2023,Q1,Northern Virginia,-0.009731084,38.8048,-77.0469
2023,Q1,Orange County,0.18515306916174576,33.7175,-117.8311
2023,Q1,Philadelphia,-0.388231982,39.9526,-75.1652
2023,Q1,Phoenix,0.11175767388144962,33.4484,-112.074
2023,Q1,Raleigh/Durham,0.3034188807120576,35.7796,-78.6382
2023,Q1,Salt Lake City,-0.250224035,40.7608,-111.891
2023,Q1,San Diego,-0.169709744,32.7157,-117.1611
2023,Q1,San Francisco,0.674090875,37.7749,-122.4194
2023,Q1,Seattle,0.064460988,47.6062,-122.3321
2023,Q1,South Bay/San Jose,0.2554975981683535,37.3382,-121.8863
2023,Q1,South Florida,-0.402264409,26.1224,-80.1373
2023,Q1,Southern Maryland,0.030359339,38.3032,-76.507
2023,Q1,Tampa,-0.025471225,27.9506,-82.4572
2023,Q1,Washington D.C.,-0.256866545,38.9072,-77.0369
2023,Q2,Atlanta,0.043850906,33.749,-84.388
2023,Q2,Austin,0.3296499950118428,30.2672,-97.7431
2023,Q2,Baltimore,-0.423898959,39.2904,-76.6122
2023,Q2,Boston,-0.140322628,42.3601,-71.0589
2023,Q2,Charlotte,-0.365516302,35.2271,-80.8431
2023,Q2,Chicago,-0.149254317,41.8781,-87.6298
2023,Q2,Chicago Suburbs,0.096088168,41.85,-88
2023,Q2,Dallas/Ft Worth,0.3747037189732773,32.7767,-96.797
2023,Q2,Denver,0.30231697755820797,39.7392,-104.9903
2023,Q2,Detroit,-0.206550741,42.3314,-83.0458
2023,Q2,Houston,0.458293768,29.7604,-95.3698
2023,Q2,Los Angeles,0.4253094580630673,34.0522,-118.2437
2023,Q2,Manhattan,0.7775797039877751,40.7831,-73.9712
2023,Q2,Nashville,-0.371649297,36.1627,-86.7816
2023,Q2,Northern New Jersey,0.1499043902594885,40.7357,-74.1724
2023,Q2,Northern Virginia,0.012986141,38.8048,-77.0469
2023,Q2,Orange County,-0.112285831,33.7175,-117.8311
2023,Q2,Philadelphia,-0.270659566,39.9526,-75.1652
2023,Q2,Phoenix,0.1153134914188207,33.4484,-112.074
2023,Q2,Raleigh/Durham,-0.72103095,35.7796,-78.6382
2023,Q2,Salt Lake City,-0.245220466,40.7608,-111.891
2023,Q2,San Diego,-0.04240163,32.7157,-117.1611
2023,Q2,San Francisco,0.8519026453882337,37.7749,-122.4194
2023,Q2,Seattle,-0.087384345,47.6062,-122.3321
2023,Q2,South Bay/San Jose,-0.306403087,37.3382,-121.8863
2023,Q2,South Florida,0.2608455879539225,26.1224,-80.1373
2023,Q2,Southern Maryland,-0.228704336,38.3032,-76.507
2023,Q2,Tampa,-0.720162168,27.9506,-82.4572
2023,Q2,Washington D.C.,-0.30864042,38.9072,-77.0369
2023,Q3,Atlanta,0.040416257,33.749,-84.388
2023,Q3,Austin,0.29226726889029747,30.2672,-97.7431
2023,Q3,Baltimore,-0.631767288,39.2904,-76.6122
2023,Q3,Boston,0.5069520803165967,42.3601,-71.0589
2023,Q3,Charlotte,-0.352763812,35.2271,-80.8431
2023,Q3,Chicago,0.42602775464529863,41.8781,-87.6298
2023,Q3,Chicago Suburbs,0.14481882397455895,41.85,-88
2023,Q3,Dallas/Ft Worth,0.083034484,32.7767,-96.797
2023,Q3,Denver,0.19856359190445283,39.7392,-104.9903
2023,Q3,Detroit,-0.264984974,42.3314,-83.0458
2023,Q3,Houston,0.3679397281999855,29.7604,-95.3698
2023,Q3,Los Angeles,0.4697017513104515,34.0522,-118.2437
2023,Q3,Manhattan,0.7253848866814077,40.7831,-73.9712
2023,Q3,Nashville,-0.004950437,36.1627,-86.7816
2023,Q3,Northern New Jersey,0.063958535,40.7357,-74.1724
2023,Q3,Northern Virginia,-0.078590005,38.8048,-77.0469
2023,Q3,Orange County,-0.26541241,33.7175,-117.8311
2023,Q3,Philadelphia,-0.188612305,39.9526,-75.1652
2023,Q3,Phoenix,0.077718587,33.4484,-112.074
2023,Q3,Raleigh/Durham,-0.236804373,35.7796,-78.6382
2023,Q3,Salt Lake City,-0.768833311,40.7608,-111.891
2023,Q3,San Diego,-0.043359343,32.7157,-117.1611
2023,Q3,San Francisco,0.8296980187817082,37.7749,-122.4194
2023,Q3,Seattle,0.34016829716736413,47.6062,-122.3321
2023,Q3,South Bay/San Jose,-0.331663295,37.3382,-121.8863
2023,Q3,South Florida,-0.221018172,26.1224,-80.1373
2023,Q3,Southern Maryland,-0.229371558,38.3032,-76.507
2023,Q3,Tampa,0.013169048,27.9506,-82.4572
2023,Q3,Washington D.C.,0.17311932267722077,38.9072,-77.0369
2023,Q4,Atlanta,0.2966671044747008,33.749,-84.388
2023,Q4,Austin,0.37963332507676834,30.2672,-97.7431
2023,Q4,Baltimore,-0.641325597,39.2904,-76.6122
2023,Q4,Boston,0.41300674102073626,42.3601,-71.0589
2023,Q4,Charlotte,-0.437909225,35.2271,-80.8431
2023,Q4,Chicago,0.1269596887191098,41.8781,-87.6298
2023,Q4,Chicago Suburbs,0.15009541195290674,41.85,-88
2023,Q4,Dallas/Ft Worth,-0.03354218,32.7767,-96.797
2023,Q4,Denver,0.3595035270732443,39.7392,-104.9903
2023,Q4,Detroit,-0.085984755,42.3314,-83.0458
2023,Q4,Houston,0.27520101402043895,29.7604,-95.3698
2023,Q4,Los Angeles,0.4335760977860711,34.0522,-118.2437
2023,Q4,Manhattan,0.870954172,40.7831,-73.9712
2023,Q4,Nashville,-0.518079848,36.1627,-86.7816
2023,Q4,Northern New Jersey,0.10411020116644956,40.7357,-74.1724
2023,Q4,Northern Virginia,-0.08523035,38.8048,-77.0469
2023,Q4,Orange County,-0.001427365,33.7175,-117.8311
2023,Q4,Philadelphia,-0.252419659,39.9526,-75.1652
2023,Q4,Phoenix,-0.137567265,33.4484,-112.074
2023,Q4,Raleigh/Durham,0.5385808876634162,35.7796,-78.6382
2023,Q4,Salt Lake City,-0.259318009,40.7608,-111.891
2023,Q4,San Diego,0.2830280280209578,32.7157,-117.1611
2023,Q4,San Francisco,1.0963113540677698,37.7749,-122.4194
2023,Q4,Seattle,0.5360832412564264,47.6062,-122.3321
2023,Q4,South Bay/San Jose,-0.100994505,37.3382,-121.8863
2023,Q4,South Florida,-0.187573941,26.1224,-80.1373
2023,Q4,Southern Maryland,-0.630823984,38.3032,-76.507
2023,Q4,Tampa,-0.032230338,27.9506,-82.4572
2023,Q4,Washington D.C.,-0.148988404,38.9072,-77.0369
2024,Q1,Atlanta,0.083456423,33.749,-84.388
2024,Q1,Austin,0.29400446197290564,30.2672,-97.7431
2024,Q1,Baltimore,-0.726429339,39.2904,-76.6122
2024,Q1,Boston,-0.014918701,42.3601,-71.0589
2024,Q1,Charlotte,-0.194176743,35.2271,-80.8431
2024,Q1,Chicago,0.2158061612258084,41.8781,-87.6298
2024,Q1,Chicago Suburbs,0.18715411289616107,41.85,-88
2024,Q1,Dallas/Ft Worth,0.4143902318885747,32.7767,-96.797
2024,Q1,Denver,-0.299190066,39.7392,-104.9903
2024,Q1,Detroit,-0.238355514,42.3314,-83.0458
2024,Q1,Houston,0.38696918426037213,29.7604,-95.3698
2024,Q1,Los Angeles,0.61464682,34.0522,-118.2437
2024,Q1,Manhattan,0.8018001764877044,40.7831,-73.9712
2024,Q1,Nashville,-0.475566747,36.1627,-86.7816
2024,Q1,Northern New Jersey,0.019490496,40.7357,-74.1724
2024,Q1,Northern Virginia,0.15445641289416634,38.8048,-77.0469
2024,Q1,Orange County,-0.097179305,33.7175,-117.8311
2024,Q1,Philadelphia,-0.22244742,39.9526,-75.1652
2024,Q1,Phoenix,0.306132811,33.4484,-112.074
2024,Q1,Raleigh/Durham,0.038016609,35.7796,-78.6382
2024,Q1,Salt Lake City,-0.255426659,40.7608,-111.891
2024,Q1,San Diego,0.043270472,32.7157,-117.1611
2024,Q1,San Francisco,1.014913837305864,37.7749,-122.4194
2024,Q1,Seattle,0.4211638147852412,47.6062,-122.3321
2024,Q1,South Bay/San Jose,0.14958416566599228,37.3382,-121.8863
2024,Q1,South Florida,-0.291379892,26.1224,-80.1373
2024,Q1,Southern Maryland,-0.803304489,38.3032,-76.507
2024,Q1,Tampa,0.095038165,27.9506,-82.4572
2024,Q1,Washington D.C.,0.3089490017626383,38.9072,-77.0369
2024,Q2,Atlanta,0.3281571368106635,33.749,-84.388
2024,Q2,Austin,0.3281264167106314,30.2672,-97.7431
2024,Q2,Baltimore,-0.687182934,39.2904,-76.6122
2024,Q2,Boston,0.4059112658881474,42.3601,-71.0589
2024,Q2,Charlotte,0.09831561,35.2271,-80.8431
2024,Q2,Chicago,-0.113865011,41.8781,-87.6298
2024,Q2,Chicago Suburbs,0.2688958098315253,41.85,-88
2024,Q2,Dallas/Ft Worth,0.34549093854697405,32.7767,-96.797
2024,Q2,Denver,-0.483114844,39.7392,-104.9903
2024,Q2,Detroit,-0.302434333,42.3314,-83.0458
2024,Q2,Houston,0.3866148974602523,29.7604,-95.3698
2024,Q2,Los Angeles,0.5512378842188999,34.0522,-118.2437
2024,Q2,Manhattan,0.9052212360348436,40.7831,-73.9712
2024,Q2,Nashville,-0.32218526,36.1627,-86.7816
2024,Q2,Northern New Jersey,0.059609685,40.7357,-74.1724
2024,Q2,Northern Virginia,0.399724552,38.8048,-77.0469
2024,Q2,Orange County,-0.151708048,33.7175,-117.8311
2024,Q2,Philadelphia,-0.249671377,39.9526,-75.1652
2024,Q2,Phoenix,0.090095488,33.4484,-112.074
2024,Q2,Raleigh/Durham,-0.141295863,35.7796,-78.6382
2024,Q2,Salt Lake City,-0.505057717,40.7608,-111.891
2024,Q2,San Diego,-0.106761047,32.7157,-117.1611
2024,Q2,San Francisco,1.0702378910718622,37.7749,-122.4194
2024,Q2,Seattle,0.2811081966061969,47.6062,-122.3321
2024,Q2,South Bay/San Jose,0.5455593311331471,37.3382,-121.8863
2024,Q2,South Florida,-0.07539774,26.1224,-80.1373
2024,Q2,Southern Maryland,0.5669396964460202,38.3032,-76.507
2024,Q2,Tampa,-0.028352303,27.9506,-82.4572
2024,Q2,Washington D.C.,0.5981664553432129,38.9072,-77.0369
2024,Q3,Atlanta,0.32752179938441867,33.749,-84.388
2024,Q3,Austin,0.49306318805245586,30.2672,-97.7431
2024,Q3,Baltimore,-0.697189753,39.2904,-76.6122
2024,Q3,Boston,0.18821331817980552,42.3601,-71.0589
2024,Q3,Charlotte,0.022237491,35.2271,-80.8431
2024,Q3,Chicago,-0.063207556,41.8781,-87.6298
2024,Q3,Chicago Suburbs,0.068608656,41.85,-88
2024,Q3,Dallas/Ft Worth,0.6926954674248549,32.7767,-96.797
2024,Q3,Denver,0.21807188266354116,39.7392,-104.9903
2024,Q3,Detroit,-0.275933473,42.3314,-83.0458
2024,Q3,Houston,0.33962013542983416,29.7604,-95.3698
2024,Q3,Los Angeles,0.6952500334190522,34.0522,-118.2437
2024,Q3,Manhattan,0.890072941,40.7831,-73.9712
2024,Q3,Nashville,-0.306972104,36.1627,-86.7816
2024,Q3,Northern New Jersey,0.20131565427921383,40.7357,-74.1724
2024,Q3,Northern Virginia,0.5253515335974145,38.8048,-77.0469
2024,Q3,Orange County,-0.178047554,33.7175,-117.8311
2024,Q3,Philadelphia,-0.146828487,39.9526,-75.1652
2024,Q3,Phoenix,0.029667161,33.4484,-112.074
2024,Q3,Raleigh/Durham,0.071016165,35.7796,-78.6382
2024,Q3,Salt Lake City,-0.416772144,40.7608,-111.891
2024,Q3,San Diego,0.085997642,32.7157,-117.1611
2024,Q3,San Francisco,1.092099033716994,37.7749,-122.4194
2024,Q3,Seattle,0.3160185763964209,47.6062,-122.3321
2024,Q3,South Bay/San Jose,-0.206094058,37.3382,-121.8863
2024,Q3,South Florida,0.065949077,26.1224,-80.1373
2024,Q3,Southern Maryland,-0.848593984,38.3032,-76.507
2024,Q3,Tampa,0.036970364,27.9506,-82.4572
2024,Q3,Washington D.C.,0.249466331,38.9072,-77.0369
2024,Q4,Atlanta,0.35405067839438076,33.749,-84.388
2024,Q4,Austin,0.22392244838522865,30.2672,-97.7431
2024,Q4,Baltimore,-0.686586063,39.2904,-76.6122
2024,Q4,Boston,0.4328412362771647,42.3601,-71.0589
2024,Q4,Charlotte,0.34015018787193335,35.2271,-80.8431
2024,Q4,Chicago,0.7902193369510385,41.8781,-87.6298
2024,Q4,Chicago Suburbs,0.3174810408538612,41.85,-88
2024,Q4,Dallas/Ft Worth,0.699383468,32.7767,-96.797
2024,Q4,Denver,0.027507492,39.7392,-104.9903
2024,Q4,Detroit,-0.50566961,42.3314,-83.0458
2024,Q4,Houston,0.35043573680987544,29.7604,-95.3698
2024,Q4,Los Angeles,0.4656931233813379,34.0522,-118.2437
2024,Q4,Manhattan,0.8358514309656252,40.7831,-73.9712
2024,Q4,Nashville,-0.312454177,36.1627,-86.7816
2024,Q4,Northern New Jersey,0.3626110882516412,40.7357,-74.1724
2024,Q4,Northern Virginia,0.09466144,38.8048,-77.0469
2024,Q4,Orange County,0.23261528695304085,33.7175,-117.8311
2024,Q4,Philadelphia,-0.324764192,39.9526,-75.1652
2024,Q4,Phoenix,-0.139371365,33.4484,-112.074
2024,Q4,Raleigh/Durham,-0.288778671,35.7796,-78.6382
2024,Q4,Salt Lake City,-0.266573186,40.7608,-111.891
2024,Q4,San Diego,0.054778849,32.7157,-117.1611
2024,Q4,San Francisco,0.9924761434082996,37.7749,-122.4194
2024,Q4,Seattle,0.23588329366266048,47.6062,-122.3321
2024,Q4,South Bay/San Jose,0.3268792169801793,37.3382,-121.8863
2024,Q4,South Florida,-0.094917565,26.1224,-80.1373
2024,Q4,Southern Maryland,0.5688572879727742,38.3032,-76.507
2024,Q4,Tampa,0.077117987,27.9506,-82.4572
2024,Q4,Washington D.C.,0.071599072,38.9072,-77.0369
